{"cameraMode":{"drawMode":0,"name":"Shaded","section":"Shading Mode"},"sceneLighting":true,"audioPlay":false,"sceneViewState":{"m_AlwaysRefresh":false,"showFog":true,"showSkybox":true,"showFlares":true,"showImageEffects":true,"showParticleSystems":true,"showVisualEffectGraphs":true,"m_FxEnabled":true},"in2DMode":false,"pivot":{"x":-0.2445559948682785,"y":0.10250663757324219,"z":-7.951766014099121},"rotation":{"x":0.009506022557616234,"y":-0.9845002293586731,"z":0.16576464474201203,"w":0.05646504834294319},"size":4.207394599914551,"orthographic":false}